FROM,TO
Apache Creek,Casa Malpais
Apache Creek,Coyote Creek
Apache Creek,Hooper Ranch
Apache Creek,Horse Camp Mill
Apache Creek,Hubble Corner
Apache Creek,Mineral Creek Pueblo
Apache Creek,Rudd Creek Ruin
Apache Creek,Techado Springs
Apache Creek,Tri-R Pueblo
Apache Creek,UG481
Apache Creek,UG494
Atsinna,Cienega
Atsinna,Los Gigantes
Atsinna,Mirabal
Atsinna,Ojo Bonito
Atsinna,Pueblo de los Muertos
Atsinna,Scribe S
Atsinna,Spier 170
Atsinna,Tinaja
Baca Pueblo,Ojo Bonito
Casa Malpais,Coyote Creek
Casa Malpais,Garcia Ranch
Casa Malpais,Hinkson
Casa Malpais,Hooper Ranch
Casa Malpais,Horse Camp Mill
Casa Malpais,Hubble Corner
Casa Malpais,Rudd Creek Ruin
Casa Malpais,Techado Springs
Casa Malpais,Tri-R Pueblo
Casa Malpais,UG481
Cienega,Heshotauthla
Cienega,Hinkson
Cienega,Jarlosa
Cienega,Los Gigantes
Cienega,Mirabal
Cienega,Ojo Bonito
Cienega,Pescado Cluster
Cienega,Pueblo de los Muertos
Cienega,Scribe S
Cienega,Spier 170
Cienega,Tinaja
Cienega,Yellowhouse
Coyote Creek,Garcia Ranch
Coyote Creek,Hooper Ranch
Coyote Creek,Horse Camp Mill
Coyote Creek,Hubble Corner
Coyote Creek,Mineral Creek Pueblo
Coyote Creek,Rudd Creek Ruin
Coyote Creek,Techado Springs
Coyote Creek,Tri-R Pueblo
Coyote Creek,UG481
Foote Canyon,Garcia Ranch
Foote Canyon,Hinkson
Foote Canyon,Hubble Corner
Foote Canyon,Mineral Creek Pueblo
Foote Canyon,Tri-R Pueblo
Foote Canyon,UG481
Garcia Ranch,Heshotauthla
Garcia Ranch,Hinkson
Garcia Ranch,Horse Camp Mill
Garcia Ranch,Mineral Creek Pueblo
Garcia Ranch,Ojo Bonito
Garcia Ranch,Platt Ranch
Garcia Ranch,Rudd Creek Ruin
Garcia Ranch,Scribe S
Garcia Ranch,Tinaja
Garcia Ranch,UG481
Heshotauthla,Hinkson
Heshotauthla,Jarlosa
Heshotauthla,Los Gigantes
Heshotauthla,Mirabal
Heshotauthla,Ojo Bonito
Heshotauthla,Pescado Cluster
Heshotauthla,Platt Ranch
Heshotauthla,Pueblo de los Muertos
Heshotauthla,Scribe S
Heshotauthla,Spier 170
Heshotauthla,Tinaja
Heshotauthla,Yellowhouse
Hinkson,Horse Camp Mill
Hinkson,Hubble Corner
Hinkson,Jarlosa
Hinkson,Mineral Creek Pueblo
Hinkson,Mirabal
Hinkson,Ojo Bonito
Hinkson,Platt Ranch
Hinkson,Rudd Creek Ruin
Hinkson,Scribe S
Hinkson,Spier 170
Hinkson,Tinaja
Hinkson,Tri-R Pueblo
Hinkson,UG481
Hooper Ranch,Horse Camp Mill
Hooper Ranch,Hubble Corner
Hooper Ranch,Mineral Creek Pueblo
Hooper Ranch,Rudd Creek Ruin
Hooper Ranch,Techado Springs
Hooper Ranch,Tri-R Pueblo
Hooper Ranch,UG481
Hooper Ranch,UG494
Horse Camp Mill,Hubble Corner
Horse Camp Mill,Mineral Creek Pueblo
Horse Camp Mill,Rudd Creek Ruin
Horse Camp Mill,Techado Springs
Horse Camp Mill,Tri-R Pueblo
Horse Camp Mill,UG481
Hubble Corner,Mineral Creek Pueblo
Hubble Corner,Rudd Creek Ruin
Hubble Corner,Techado Springs
Hubble Corner,Tri-R Pueblo
Hubble Corner,UG481
Hubble Corner,UG494
Jarlosa,Los Gigantes
Jarlosa,Mirabal
Jarlosa,Ojo Bonito
Jarlosa,Pescado Cluster
Jarlosa,Platt Ranch
Jarlosa,Spier 170
Jarlosa,Tinaja
Jarlosa,Yellowhouse
Los Gigantes,Mirabal
Los Gigantes,Ojo Bonito
Los Gigantes,Pescado Cluster
Los Gigantes,Pueblo de los Muertos
Los Gigantes,Scribe S
Los Gigantes,Spier 170
Los Gigantes,Tinaja
Los Gigantes,Yellowhouse
Mineral Creek Pueblo,Rudd Creek Ruin
Mineral Creek Pueblo,Tri-R Pueblo
Mineral Creek Pueblo,UG481
Mineral Creek Pueblo,UG494
Mirabal,Ojo Bonito
Mirabal,Pescado Cluster
Mirabal,Pueblo de los Muertos
Mirabal,Scribe S
Mirabal,Spier 170
Mirabal,Tinaja
Mirabal,Yellowhouse
Ojo Bonito,Pescado Cluster
Ojo Bonito,Pueblo de los Muertos
Ojo Bonito,Scribe S
Ojo Bonito,Spier 170
Ojo Bonito,Tinaja
Pescado Cluster,Pueblo de los Muertos
Pescado Cluster,Scribe S
Pescado Cluster,Spier 170
Pescado Cluster,Tinaja
Pescado Cluster,Yellowhouse
Platt Ranch,Yellowhouse
Pueblo de los Muertos,Scribe S
Pueblo de los Muertos,Spier 170
Pueblo de los Muertos,Tinaja
Rudd Creek Ruin,Techado Springs
Rudd Creek Ruin,Tri-R Pueblo
Rudd Creek Ruin,UG481
Scribe S,Spier 170
Scribe S,Tinaja
Scribe S,Yellowhouse
Spier 170,Tinaja
Spier 170,Yellowhouse
Techado Springs,Tri-R Pueblo
Techado Springs,UG481
Tinaja,Yellowhouse
Tri-R Pueblo,UG481
Tri-R Pueblo,UG494
UG481,UG494
