Key,Item Type,Publication Title,Publication Year,Authors
FUV8A7JK,journalArticle,Archaeological Review from Cambridge,2014,"Stoner, Jo"
C7MRVHWA,bookSection,Network analysis in archaeology. New approaches to regional interaction,2013,"Isaksen, Leif"
3EG6T4P6,journalArticle,American Antiquity,1991,"Peregrine, Peter"
I3UPKTTM,journalArticle,Antiquity+,2014,"Leidwanger, Justin; Knappett, Carl; Arnaud, Pascal; Arthur, Paul; Blake, Emma; Broodbank, Cyprian; Brughmans, Tom; Evans, Tim; Graham, Shawn; Greene, Elizabeth S; Kowalzig, Barbara; Mills, Barbara; Rivers, Ray; Tartaron, Thomas F; Noort, Robert Van De"
I3UPKTTM,journalArticle,Antiquity+,2014,"Leidwanger, Justin; Knappett, Carl; Arnaud, Pascal; Arthur, Paul; Blake, Emma; Broodbank, Cyprian; Brughmans, Tom; Evans, Tim; Graham, Shawn; Greene, Elizabeth S; Kowalzig, Barbara; Mills, Barbara; Rivers, Ray; Tartaron, Thomas F; Noort, Robert Van De"
I3UPKTTM,journalArticle,Antiquity+,2014,"Leidwanger, Justin; Knappett, Carl; Arnaud, Pascal; Arthur, Paul; Blake, Emma; Broodbank, Cyprian; Brughmans, Tom; Evans, Tim; Graham, Shawn; Greene, Elizabeth S; Kowalzig, Barbara; Mills, Barbara; Rivers, Ray; Tartaron, Thomas F; Noort, Robert Van De"
I3UPKTTM,journalArticle,Antiquity+,2014,"Leidwanger, Justin; Knappett, Carl; Arnaud, Pascal; Arthur, Paul; Blake, Emma; Broodbank, Cyprian; Brughmans, Tom; Evans, Tim; Graham, Shawn; Greene, Elizabeth S; Kowalzig, Barbara; Mills, Barbara; Rivers, Ray; Tartaron, Thomas F; Noort, Robert Van De"
I3UPKTTM,journalArticle,Antiquity+,2014,"Leidwanger, Justin; Knappett, Carl; Arnaud, Pascal; Arthur, Paul; Blake, Emma; Broodbank, Cyprian; Brughmans, Tom; Evans, Tim; Graham, Shawn; Greene, Elizabeth S; Kowalzig, Barbara; Mills, Barbara; Rivers, Ray; Tartaron, Thomas F; Noort, Robert Van De"
I3UPKTTM,journalArticle,Antiquity+,2014,"Leidwanger, Justin; Knappett, Carl; Arnaud, Pascal; Arthur, Paul; Blake, Emma; Broodbank, Cyprian; Brughmans, Tom; Evans, Tim; Graham, Shawn; Greene, Elizabeth S; Kowalzig, Barbara; Mills, Barbara; Rivers, Ray; Tartaron, Thomas F; Noort, Robert Van De"
I3UPKTTM,journalArticle,Antiquity+,2014,"Leidwanger, Justin; Knappett, Carl; Arnaud, Pascal; Arthur, Paul; Blake, Emma; Broodbank, Cyprian; Brughmans, Tom; Evans, Tim; Graham, Shawn; Greene, Elizabeth S; Kowalzig, Barbara; Mills, Barbara; Rivers, Ray; Tartaron, Thomas F; Noort, Robert Van De"
I3UPKTTM,journalArticle,Antiquity+,2014,"Leidwanger, Justin; Knappett, Carl; Arnaud, Pascal; Arthur, Paul; Blake, Emma; Broodbank, Cyprian; Brughmans, Tom; Evans, Tim; Graham, Shawn; Greene, Elizabeth S; Kowalzig, Barbara; Mills, Barbara; Rivers, Ray; Tartaron, Thomas F; Noort, Robert Van De"
I3UPKTTM,journalArticle,Antiquity+,2014,"Leidwanger, Justin; Knappett, Carl; Arnaud, Pascal; Arthur, Paul; Blake, Emma; Broodbank, Cyprian; Brughmans, Tom; Evans, Tim; Graham, Shawn; Greene, Elizabeth S; Kowalzig, Barbara; Mills, Barbara; Rivers, Ray; Tartaron, Thomas F; Noort, Robert Van De"
I3UPKTTM,journalArticle,Antiquity+,2014,"Leidwanger, Justin; Knappett, Carl; Arnaud, Pascal; Arthur, Paul; Blake, Emma; Broodbank, Cyprian; Brughmans, Tom; Evans, Tim; Graham, Shawn; Greene, Elizabeth S; Kowalzig, Barbara; Mills, Barbara; Rivers, Ray; Tartaron, Thomas F; Noort, Robert Van De"
I3UPKTTM,journalArticle,Antiquity+,2014,"Leidwanger, Justin; Knappett, Carl; Arnaud, Pascal; Arthur, Paul; Blake, Emma; Broodbank, Cyprian; Brughmans, Tom; Evans, Tim; Graham, Shawn; Greene, Elizabeth S; Kowalzig, Barbara; Mills, Barbara; Rivers, Ray; Tartaron, Thomas F; Noort, Robert Van De"
I3UPKTTM,journalArticle,Antiquity+,2014,"Leidwanger, Justin; Knappett, Carl; Arnaud, Pascal; Arthur, Paul; Blake, Emma; Broodbank, Cyprian; Brughmans, Tom; Evans, Tim; Graham, Shawn; Greene, Elizabeth S; Kowalzig, Barbara; Mills, Barbara; Rivers, Ray; Tartaron, Thomas F; Noort, Robert Van De"
I3UPKTTM,journalArticle,Antiquity+,2014,"Leidwanger, Justin; Knappett, Carl; Arnaud, Pascal; Arthur, Paul; Blake, Emma; Broodbank, Cyprian; Brughmans, Tom; Evans, Tim; Graham, Shawn; Greene, Elizabeth S; Kowalzig, Barbara; Mills, Barbara; Rivers, Ray; Tartaron, Thomas F; Noort, Robert Van De"
I3UPKTTM,journalArticle,Antiquity+,2014,"Leidwanger, Justin; Knappett, Carl; Arnaud, Pascal; Arthur, Paul; Blake, Emma; Broodbank, Cyprian; Brughmans, Tom; Evans, Tim; Graham, Shawn; Greene, Elizabeth S; Kowalzig, Barbara; Mills, Barbara; Rivers, Ray; Tartaron, Thomas F; Noort, Robert Van De"
I3UPKTTM,journalArticle,Antiquity+,2014,"Leidwanger, Justin; Knappett, Carl; Arnaud, Pascal; Arthur, Paul; Blake, Emma; Broodbank, Cyprian; Brughmans, Tom; Evans, Tim; Graham, Shawn; Greene, Elizabeth S; Kowalzig, Barbara; Mills, Barbara; Rivers, Ray; Tartaron, Thomas F; Noort, Robert Van De"
9ZVD38UW,journalArticle,Ethnohistory,2001,"Jenkins, D."
XRWFR6XU,bookSection,Exchange systems in Prehistory,1977,"Irwin-Williams, C."
E6WA2KFG,journalArticle,American Antiquity,2010,"Merrill, Michael; Read, Dwight"
E6WA2KFG,journalArticle,American Antiquity,2010,"Merrill, Michael; Read, Dwight"
7IAMMSQ7,conferencePaper,"Digital discovery: exploring new frontiers in human heritage. Proceedings of the 34th CAA conference, Fargo, 2006",2007,"Pouncett, John; Lock, Gary"
7IAMMSQ7,conferencePaper,"Digital discovery: exploring new frontiers in human heritage. Proceedings of the 34th CAA conference, Fargo, 2006",2007,"Pouncett, John; Lock, Gary"
3IRRRUM7,journalArticle,The Archaeological Computing Newsletter,2005,"Graham, S"
K3NMCU3Z,journalArticle,Journal of Artificial Societies and Social Simulation,2012,"White, Andrew"
EINMNDRB,bookSection,Contemporary themes in archaeological computing,2002,"Jiménez, D; Chapman, D"
EINMNDRB,bookSection,Contemporary themes in archaeological computing,2002,"Jiménez, D; Chapman, D"
KKC2Q2SJ,book,,2011,"Knappett, C."
6HDF6WRG,journalArticle,Frontiers in Digital Humanities,2016,"Filet, Clara"
R76MP2K2,book,,2000,"Broodbank, C"
RGAIJ2PV,journalArticle,Nouvelles de l'archéologie,2014,"Collar, Anna; Brughmans, Tom; Coward, Fiona; Lemercier, Claire"
RGAIJ2PV,journalArticle,Nouvelles de l'archéologie,2014,"Collar, Anna; Brughmans, Tom; Coward, Fiona; Lemercier, Claire"
RGAIJ2PV,journalArticle,Nouvelles de l'archéologie,2014,"Collar, Anna; Brughmans, Tom; Coward, Fiona; Lemercier, Claire"
RGAIJ2PV,journalArticle,Nouvelles de l'archéologie,2014,"Collar, Anna; Brughmans, Tom; Coward, Fiona; Lemercier, Claire"
NNKG7UFV,journalArticle,Social networks,1990,"Alexander, M. C.; Danowski, J. A."
NNKG7UFV,journalArticle,Social networks,1990,"Alexander, M. C.; Danowski, J. A."
PGHKPT6W,book,,1968,"Clarke, D. L."
37TC37D2,bookSection,The Connected Past: challenges to network studies in archaeology and history,2016,"Peeples, Matthew A.; Mills, Barbara J.; Haas, W. Randall Jr.; Clark, Jeffery J.; Roberts, John M. Jr."
37TC37D2,bookSection,The Connected Past: challenges to network studies in archaeology and history,2016,"Peeples, Matthew A.; Mills, Barbara J.; Haas, W. Randall Jr.; Clark, Jeffery J.; Roberts, John M. Jr."
37TC37D2,bookSection,The Connected Past: challenges to network studies in archaeology and history,2016,"Peeples, Matthew A.; Mills, Barbara J.; Haas, W. Randall Jr.; Clark, Jeffery J.; Roberts, John M. Jr."
37TC37D2,bookSection,The Connected Past: challenges to network studies in archaeology and history,2016,"Peeples, Matthew A.; Mills, Barbara J.; Haas, W. Randall Jr.; Clark, Jeffery J.; Roberts, John M. Jr."
37TC37D2,bookSection,The Connected Past: challenges to network studies in archaeology and history,2016,"Peeples, Matthew A.; Mills, Barbara J.; Haas, W. Randall Jr.; Clark, Jeffery J.; Roberts, John M. Jr."
NU2TIIDA,webpage,,2014,"Shemming, Jake; Briggs, Keith"
NU2TIIDA,webpage,,2014,"Shemming, Jake; Briggs, Keith"
WR6PC58H,journalArticle,Mathematical Anthropology and Cultural Theory,2008,"Jenkins, D."
AUD9NTKV,bookSection,Network analysis in archaeology. New approaches to regional interaction,2013,"van der Leeuw, S. E."
WCVRZHXF,journalArticle,Journal of Archaeological Method and Theory,2015,"Borck, Lewis; Mills, Barbara J.; Peeples, Matthew A.; Clark, Jeffery J."
WCVRZHXF,journalArticle,Journal of Archaeological Method and Theory,2015,"Borck, Lewis; Mills, Barbara J.; Peeples, Matthew A.; Clark, Jeffery J."
WCVRZHXF,journalArticle,Journal of Archaeological Method and Theory,2015,"Borck, Lewis; Mills, Barbara J.; Peeples, Matthew A.; Clark, Jeffery J."
WCVRZHXF,journalArticle,Journal of Archaeological Method and Theory,2015,"Borck, Lewis; Mills, Barbara J.; Peeples, Matthew A.; Clark, Jeffery J."
QD8EVCVE,journalArticle,Nouvelles de l'archéologie,2014,"Knappett, Carl"
7RX7V36F,journalArticle,"Philosophical transactions of the Royal Society of London. Series B, Biological sciences",2008,"Coward, Fiona; Gamble, Clive"
7RX7V36F,journalArticle,"Philosophical transactions of the Royal Society of London. Series B, Biological sciences",2008,"Coward, Fiona; Gamble, Clive"
MSC3F9HV,bookSection,Network analysis in archaeology. New approaches to regional interaction,2013,"Sindbæk, S. M."
PJGWXH32,journalArticle,American Anthropologist,2013,"Peeples, Matthew A.; Haas, W. Randall"
PJGWXH32,journalArticle,American Anthropologist,2013,"Peeples, Matthew A.; Haas, W. Randall"
7GI7DTZX,journalArticle,Social Science Computer Review,2012,"Sosna, D.; Galeta, P.; Smejda, L.; Sladek, V.; Bruzek, J."
7GI7DTZX,journalArticle,Social Science Computer Review,2012,"Sosna, D.; Galeta, P.; Smejda, L.; Sladek, V.; Bruzek, J."
7GI7DTZX,journalArticle,Social Science Computer Review,2012,"Sosna, D.; Galeta, P.; Smejda, L.; Sladek, V.; Bruzek, J."
7GI7DTZX,journalArticle,Social Science Computer Review,2012,"Sosna, D.; Galeta, P.; Smejda, L.; Sladek, V.; Bruzek, J."
7GI7DTZX,journalArticle,Social Science Computer Review,2012,"Sosna, D.; Galeta, P.; Smejda, L.; Sladek, V.; Bruzek, J."
WJ9PEDSI,journalArticle,Medieval Worlds,2015,"Preiser-Kapeller, Johannes"
CCC525VC,bookSection,The Connected Past: challenges to network studies in archaeology and history,2016,"Rivers, Ray"
E3VWJXGQ,journalArticle,PLOS ONE,2014,"Froese, Tom; Gershenson, Carlos; Manzanilla, Linda R"
E3VWJXGQ,journalArticle,PLOS ONE,2014,"Froese, Tom; Gershenson, Carlos; Manzanilla, Linda R"
E3VWJXGQ,journalArticle,PLOS ONE,2014,"Froese, Tom; Gershenson, Carlos; Manzanilla, Linda R"
T7UHMHR8,bookSection,"A kaleidoscope of maritime perspectives: Essays on the archaeology, art history and landscape history of the maritime world view",2013,"Verlaan, Theo"
KVPBEMBZ,journalArticle,PLOS ONE,2014,"Munson, Jessica; Amati, Viviana; Collard, Mark; Macri, Martha J."
KVPBEMBZ,journalArticle,PLOS ONE,2014,"Munson, Jessica; Amati, Viviana; Collard, Mark; Macri, Martha J."
KVPBEMBZ,journalArticle,PLOS ONE,2014,"Munson, Jessica; Amati, Viviana; Collard, Mark; Macri, Martha J."
KVPBEMBZ,journalArticle,PLOS ONE,2014,"Munson, Jessica; Amati, Viviana; Collard, Mark; Macri, Martha J."
RZI239PI,bookSection,Knowledge in Motion: Constellations of Learning Across Time and Place,2016,"Mills, Barbara J."
ARSV8R5S,journalArticle,Leonardo,2012,"Brughmans, Tom; Keay, Simon; Earl, Graeme"
ARSV8R5S,journalArticle,Leonardo,2012,"Brughmans, Tom; Keay, Simon; Earl, Graeme"
ARSV8R5S,journalArticle,Leonardo,2012,"Brughmans, Tom; Keay, Simon; Earl, Graeme"
GZ5VHF9G,book,,2003,"Bentley, R. A.; Maschner, H. D. G."
GZ5VHF9G,book,,2003,"Bentley, R. A.; Maschner, H. D. G."
WSKDZ9K9,bookSection,Archaeological Theory Today II,2012,"Kohler, Timothy A"
68GFITSG,journalArticle,Antiquity,2012,"Golitko, Mark; Meierhoff, James; Feinman, Gary M; Williams, Patrick Ryan"
68GFITSG,journalArticle,Antiquity,2012,"Golitko, Mark; Meierhoff, James; Feinman, Gary M; Williams, Patrick Ryan"
68GFITSG,journalArticle,Antiquity,2012,"Golitko, Mark; Meierhoff, James; Feinman, Gary M; Williams, Patrick Ryan"
68GFITSG,journalArticle,Antiquity,2012,"Golitko, Mark; Meierhoff, James; Feinman, Gary M; Williams, Patrick Ryan"
CVZDUI36,bookSection,Handbook of archaeological theories,2007,"Bentley, R. A.; Maschner, Herbert D. G."
CVZDUI36,bookSection,Handbook of archaeological theories,2007,"Bentley, R. A.; Maschner, Herbert D. G."
7A8FAARG,bookSection,"Rome, Portus and the Mediterranean. Archaeological Monographs of the British School at Rome",2011,"Earl, Graeme P; Isaksen, Leif; Keay, Simon; Brughmans, Tom; Potts, David"
7A8FAARG,bookSection,"Rome, Portus and the Mediterranean. Archaeological Monographs of the British School at Rome",2011,"Earl, Graeme P; Isaksen, Leif; Keay, Simon; Brughmans, Tom; Potts, David"
7A8FAARG,bookSection,"Rome, Portus and the Mediterranean. Archaeological Monographs of the British School at Rome",2011,"Earl, Graeme P; Isaksen, Leif; Keay, Simon; Brughmans, Tom; Potts, David"
7A8FAARG,bookSection,"Rome, Portus and the Mediterranean. Archaeological Monographs of the British School at Rome",2011,"Earl, Graeme P; Isaksen, Leif; Keay, Simon; Brughmans, Tom; Potts, David"
7A8FAARG,bookSection,"Rome, Portus and the Mediterranean. Archaeological Monographs of the British School at Rome",2011,"Earl, Graeme P; Isaksen, Leif; Keay, Simon; Brughmans, Tom; Potts, David"
3R9NVDHB,book,,2015,"Kerig, Tim; Shennan, Stephen"
3R9NVDHB,book,,2015,"Kerig, Tim; Shennan, Stephen"
NCWUDHNG,conferencePaper,"Proceedings of Computer Applications and Quantitative Techniques in Archaeology conference 2011, Beijing",2012,"Brughmans, Tom; Isaksen, Leif; Earl, Graeme"
NCWUDHNG,conferencePaper,"Proceedings of Computer Applications and Quantitative Techniques in Archaeology conference 2011, Beijing",2012,"Brughmans, Tom; Isaksen, Leif; Earl, Graeme"
NCWUDHNG,conferencePaper,"Proceedings of Computer Applications and Quantitative Techniques in Archaeology conference 2011, Beijing",2012,"Brughmans, Tom; Isaksen, Leif; Earl, Graeme"
HXU9P7ZJ,journalArticle,Oxford Journal of Archaeology,2010,"Brughmans, Tom"
7MPT88ZC,journalArticle,American Antiquity,2003,"Bentley, R. A.; Shennan, S. J."
7MPT88ZC,journalArticle,American Antiquity,2003,"Bentley, R. A.; Shennan, S. J."
TTHEKZBI,journalArticle,Paléorient,2016,"Ibañez, Juan José; Ortega, David; Campos, Daniel; Khalidi, Lamya; Méndez, Vicenç; Teira, Luís"
TTHEKZBI,journalArticle,Paléorient,2016,"Ibañez, Juan José; Ortega, David; Campos, Daniel; Khalidi, Lamya; Méndez, Vicenç; Teira, Luís"
TTHEKZBI,journalArticle,Paléorient,2016,"Ibañez, Juan José; Ortega, David; Campos, Daniel; Khalidi, Lamya; Méndez, Vicenç; Teira, Luís"
TTHEKZBI,journalArticle,Paléorient,2016,"Ibañez, Juan José; Ortega, David; Campos, Daniel; Khalidi, Lamya; Méndez, Vicenç; Teira, Luís"
TTHEKZBI,journalArticle,Paléorient,2016,"Ibañez, Juan José; Ortega, David; Campos, Daniel; Khalidi, Lamya; Méndez, Vicenç; Teira, Luís"
TTHEKZBI,journalArticle,Paléorient,2016,"Ibañez, Juan José; Ortega, David; Campos, Daniel; Khalidi, Lamya; Méndez, Vicenç; Teira, Luís"
QV4HAABK,journalArticle,Nouvelles de l'archéologie,2014,"Barthelemy, Marc"
847T62AU,journalArticle,American antiquity,2003,"Swanson, Steve"
JMRV286P,journalArticle,Nouvelles de l'archéologie,2014,"Blake, Emma"
GHV4WB8G,conferencePaper,"Layers of perception. Proceedings of the 35th international conference on computer applications and quantitative methods in archaeology (CAA), Berlin April 2-6 2007. Kolloquien zur Vor- und Frühgeschichte, Vol. 10.",2008,"Classen, Erich"
CGJFI554,journalArticle,Current Anthropology,1997,"Schweizer, Thomas; Hage, Per; Harary, Frank; Houseman, Michael; Kent, Susan; Wolfe, A.W."
CGJFI554,journalArticle,Current Anthropology,1997,"Schweizer, Thomas; Hage, Per; Harary, Frank; Houseman, Michael; Kent, Susan; Wolfe, A.W."
CGJFI554,journalArticle,Current Anthropology,1997,"Schweizer, Thomas; Hage, Per; Harary, Frank; Houseman, Michael; Kent, Susan; Wolfe, A.W."
CGJFI554,journalArticle,Current Anthropology,1997,"Schweizer, Thomas; Hage, Per; Harary, Frank; Houseman, Michael; Kent, Susan; Wolfe, A.W."
CGJFI554,journalArticle,Current Anthropology,1997,"Schweizer, Thomas; Hage, Per; Harary, Frank; Houseman, Michael; Kent, Susan; Wolfe, A.W."
CGJFI554,journalArticle,Current Anthropology,1997,"Schweizer, Thomas; Hage, Per; Harary, Frank; Houseman, Michael; Kent, Susan; Wolfe, A.W."
NVUIK82W,journalArticle,Journal of Anthropological Archaeology,2012,"Schortman, Edward M.; Urban, Patricia a."
NVUIK82W,journalArticle,Journal of Anthropological Archaeology,2012,"Schortman, Edward M.; Urban, Patricia a."
PGNF3Z8A,journalArticle,Archaeological Review from Cambridge,2014,"Riede, Felix"
CJKMAM8R,thesis,,2016,"Johnson, Kent M."
AKTQ8FKH,bookSection,Network analysis in archaeology. New approaches to regional interaction,2013,"Gjesfjeld, Eric; Phillips, Stephen Colby"
AKTQ8FKH,bookSection,Network analysis in archaeology. New approaches to regional interaction,2013,"Gjesfjeld, Eric; Phillips, Stephen Colby"
D7WMN2G5,bookSection,Network analysis in archaeology. New approaches to regional interaction,2014,"Mizoguchi, Koji"
7JW7J3RZ,book,,2006,"Graham, S"
6HHGAHA5,book,,1991,"Hage, P; Harary, F"
6HHGAHA5,book,,1991,"Hage, P; Harary, F"
FPDK94R2,journalArticle,American Antiquity,2016,"Watts, Joshua; Ossa, Alanna"
FPDK94R2,journalArticle,American Antiquity,2016,"Watts, Joshua; Ossa, Alanna"
X6PMTZCQ,journalArticle,Archaeological Review from Cambridge,2014,"Nelson, Erin Stevens; Kassabaum, Megan C."
X6PMTZCQ,journalArticle,Archaeological Review from Cambridge,2014,"Nelson, Erin Stevens; Kassabaum, Megan C."
9X6JZF4A,conferencePaper,Proceedings of the ninth workshop on mining and Learning with Graphs (MLG '11),2011,"Schich, Maximilian; Coscia, Michele"
9X6JZF4A,conferencePaper,Proceedings of the ninth workshop on mining and Learning with Graphs (MLG '11),2011,"Schich, Maximilian; Coscia, Michele"
7K9B7UNB,journalArticle,STAR: Science & Technology of Archaeological Research,2016,"Jennings, Benjamin"
GMDCXDQV,bookSection,Thinking beyond the Tool: Archaeological Computing and the Interpretative Process. British Archaeological Reports International Series,2012,"Brughmans, Tom"
XCG5SXXF,journalArticle,Journal of Archaeological Method and Theory,2013,"Munson, Jessica"
QETVRN7Z,journalArticle,World Archaeology,1977,"Terrell, J. E."
4BWJPHIB,journalArticle,Journal of Archaeological Science,2012,"White, Devin A.; Barber, Sarah B."
4BWJPHIB,journalArticle,Journal of Archaeological Science,2012,"White, Devin A.; Barber, Sarah B."
6P56FJG2,bookSection,Archaeology of the Lapita cultural complex: a critical review,1988,"Hunt, T. L."
8J9NUA6R,journalArticle,Paléorient,1987,"Rothman, MS"
TZR3GKD9,bookSection,Network analysis in archaeology. New approaches to regional interaction,2013,"Coward, Fiona"
KDFXEWTM,bookSection,The Connected Past: challenges to network studies in archaeology and history,2016,"Düring, Marten"
CPBA7WEZ,journalArticle,Fieldiana Anthropology,1977,"Terrell, John E."
5FNIG58A,thesis,,2011,"Peeples, Matthew A"
RJUHFVNE,journalArticle,Pacific Journal of mathematics,1969,"Kendall, DG"
XRSPPDF5,journalArticle,Journal of Archaeological Method and Theory,2015,"Crabtree, Stefani A."
AXDIVSRV,journalArticle,Journal of Archaeological Science,2014,"Brughmans, Tom; Keay, Simon; Earl, Graeme"
AXDIVSRV,journalArticle,Journal of Archaeological Science,2014,"Brughmans, Tom; Keay, Simon; Earl, Graeme"
AXDIVSRV,journalArticle,Journal of Archaeological Science,2014,"Brughmans, Tom; Keay, Simon; Earl, Graeme"
WDQRFNHV,bookSection,Network analysis in archaeology. New approaches to regional interaction,2013,"Knappett, Carl"
BHJHB4A7,journalArticle,Archaeology and physical anthropology in Oceania,1976,"Terrell, John E."
53UJAQUI,book,,1996,"Hage, P; Harary, F"
53UJAQUI,book,,1996,"Hage, P; Harary, F"
CRX6K3ES,journalArticle,Kiva,2007,"Bernardini, Wesley"
6WIN9S65,book,,1983,"Fraser, David"
RRRJAGX2,journalArticle,The Journal of Island and Coastal Archaeology,2010,"Terrell, J E"
WXXP3CWI,journalArticle,Nouvelles de l'archéologie,2014,"Van Oyen, Astrid"
2QC8N5RN,journalArticle,Journal of Archaeological Science,2016,"Buchanan, Briggs; Hamilton, Marcus J.; Kilby, J. David; Gingerich, Joseph A. M."
2QC8N5RN,journalArticle,Journal of Archaeological Science,2016,"Buchanan, Briggs; Hamilton, Marcus J.; Kilby, J. David; Gingerich, Joseph A. M."
2QC8N5RN,journalArticle,Journal of Archaeological Science,2016,"Buchanan, Briggs; Hamilton, Marcus J.; Kilby, J. David; Gingerich, Joseph A. M."
2QC8N5RN,journalArticle,Journal of Archaeological Science,2016,"Buchanan, Briggs; Hamilton, Marcus J.; Kilby, J. David; Gingerich, Joseph A. M."
R8F54HB4,thesis,,2016,"Borck, Lewis"
6HBBWDF3,thesis,,2015,"Blair, Elliot Hampton"
H3QCSZDT,journalArticle,Archaeological Review from Cambridge,2014,"Evans, Sarah; Felder, Kathrin"
H3QCSZDT,journalArticle,Archaeological Review from Cambridge,2014,"Evans, Sarah; Felder, Kathrin"
K74UP2X6,journalArticle,Proceedings of the National Academy of Sciences of the United States of America,2012,"Menze, Bjoern H; Ur, Jason a"
K74UP2X6,journalArticle,Proceedings of the National Academy of Sciences of the United States of America,2012,"Menze, Bjoern H; Ur, Jason a"
29GVMCNZ,conferencePaper,"Mathematics in the archaeological and historical sciences, Proceedings of the Anglo-Romanian conference, Mamaia 1970",1971,"Kendall, D. G."
RR799IZQ,journalArticle,Nouvelles de l'archéologie,2014,"Leidwanger, Justin"
KDIUUR53,book,,1975,"Doran, J. E.; Hodson, F. R."
KDIUUR53,book,,1975,"Doran, J. E.; Hodson, F. R."
BJUQNFIS,book,,1980,"Orton, Clive"
KBC6ZMP3,journalArticle,Mathematics Magazine,1984,"Shuchat, A."
EGFWM3HQ,journalArticle,Journal of Artificial Societies and Social Simulation,2016,"Brughmans, Tom; Poblome, Jeroen"
EGFWM3HQ,journalArticle,Journal of Artificial Societies and Social Simulation,2016,"Brughmans, Tom; Poblome, Jeroen"
KC46FVBI,journalArticle,Economic Anthropology,2016,"Mills, Barbara J.; Clark, Jeffery J.; Peeples, Matthew A."
KC46FVBI,journalArticle,Economic Anthropology,2016,"Mills, Barbara J.; Clark, Jeffery J.; Peeples, Matthew A."
KC46FVBI,journalArticle,Economic Anthropology,2016,"Mills, Barbara J.; Clark, Jeffery J.; Peeples, Matthew A."
A4DMDC3U,bookSection,Interpreting space: GIS and archaeology,1990,"Zubrow, Ezra B W"
UICZETX9,bookSection,Interpreting space: GIS and archaeology,1990,"Allen, Kathleen M S"
7XPQZI79,journalArticle,Antiquity,2008,"Knappett, Carl; Evans, Tim; Rivers, Ray"
7XPQZI79,journalArticle,Antiquity,2008,"Knappett, Carl; Evans, Tim; Rivers, Ray"
7XPQZI79,journalArticle,Antiquity,2008,"Knappett, Carl; Evans, Tim; Rivers, Ray"
XKMCI8UF,journalArticle,Journal of Archaeological Science,2014,"Pearce, Eiluned"
H4PCBN25,journalArticle,Journal of Archaeological Science,2013,"Bevan, Andrew; Wilson, Alan"
H4PCBN25,journalArticle,Journal of Archaeological Science,2013,"Bevan, Andrew; Wilson, Alan"
D8NHPJK7,journalArticle,American Antiquity,2015,"Mills, Barbara J.; Peeples, Matthew A.; Haas, Jr., W. Randall; Borck, Lewis; Clark, Jeffery J.; Roberts, Jr., John M."
D8NHPJK7,journalArticle,American Antiquity,2015,"Mills, Barbara J.; Peeples, Matthew A.; Haas, Jr., W. Randall; Borck, Lewis; Clark, Jeffery J.; Roberts, Jr., John M."
D8NHPJK7,journalArticle,American Antiquity,2015,"Mills, Barbara J.; Peeples, Matthew A.; Haas, Jr., W. Randall; Borck, Lewis; Clark, Jeffery J.; Roberts, Jr., John M."
D8NHPJK7,journalArticle,American Antiquity,2015,"Mills, Barbara J.; Peeples, Matthew A.; Haas, Jr., W. Randall; Borck, Lewis; Clark, Jeffery J.; Roberts, Jr., John M."
D8NHPJK7,journalArticle,American Antiquity,2015,"Mills, Barbara J.; Peeples, Matthew A.; Haas, Jr., W. Randall; Borck, Lewis; Clark, Jeffery J.; Roberts, Jr., John M."
D8NHPJK7,journalArticle,American Antiquity,2015,"Mills, Barbara J.; Peeples, Matthew A.; Haas, Jr., W. Randall; Borck, Lewis; Clark, Jeffery J.; Roberts, Jr., John M."
ZSIB6WXJ,journalArticle,Journal of Anthropological Archaeology,2016,"Apolinaire, Eduardo; Bastourre, Laura"
ZSIB6WXJ,journalArticle,Journal of Anthropological Archaeology,2016,"Apolinaire, Eduardo; Bastourre, Laura"
Q333BEWW,journalArticle,Journal of Archaeological Method and Theory,2016,"Hodder, Ian; Mol, Angus"
Q333BEWW,journalArticle,Journal of Archaeological Method and Theory,2016,"Hodder, Ian; Mol, Angus"
THQQ6TZS,conferencePaper,"Digital discovery: exploring new frontiers in human heritage. Proceedings of the 34th CAA conference, Fargo, 2006",2007,"Lock, Gary; Pouncett, John"
THQQ6TZS,conferencePaper,"Digital discovery: exploring new frontiers in human heritage. Proceedings of the 34th CAA conference, Fargo, 2006",2007,"Lock, Gary; Pouncett, John"
P7CWPG63,book,,2013,"Knappett, Carl"
I6WK8N3B,journalArticle,Journal of Archaeological Method and Theory,2015,"Gjesfjeld, Erik"
7HFGXA9K,journalArticle,Journal of Archaeological Science,2014,"Östborn, Per; Gerding, Henrik"
7HFGXA9K,journalArticle,Journal of Archaeological Science,2014,"Östborn, Per; Gerding, Henrik"
7URTX298,conferencePaper,"Digital discovery: exploring new frontiers in human heritage. Proceedings of the 34th CAA conference, Fargo, 2006",2007,"Isaksen, Leif"
QK9FDHHE,journalArticle,PLOS computational biology,2011,"Navlakha, Saket; Kingsford, Carl"
QK9FDHHE,journalArticle,PLOS computational biology,2011,"Navlakha, Saket; Kingsford, Carl"
BX6EQ785,bookSection,Computational Approaches to Archaeological Spaces,2013,"Rivers, Ray; Knappett, Carl; Evans, Timothy"
BX6EQ785,bookSection,Computational Approaches to Archaeological Spaces,2013,"Rivers, Ray; Knappett, Carl; Evans, Timothy"
BX6EQ785,bookSection,Computational Approaches to Archaeological Spaces,2013,"Rivers, Ray; Knappett, Carl; Evans, Timothy"
4P5UCB5E,bookSection,The Connected Past: challenges to network studies in archaeology and history,2016,"Brughmans, Tom; Collar, Anna; Coward, Fiona"
4P5UCB5E,bookSection,The Connected Past: challenges to network studies in archaeology and history,2016,"Brughmans, Tom; Collar, Anna; Coward, Fiona"
4P5UCB5E,bookSection,The Connected Past: challenges to network studies in archaeology and history,2016,"Brughmans, Tom; Collar, Anna; Coward, Fiona"
X9H89NIT,journalArticle,Mediterranean Historical Review,2007,"Collar, Anna"
E9ABBPER,bookSection,Global Archaeological Theory SE - 7,2005,"Orser Jr., CharlesE."
7B8V6XSC,thesis,,2011,"Phillips, Stephen Colby"
2QU9ZNUG,journalArticle,Antiquity,2007,"Sindbæk, S.M."
MU7UDEEM,thesis,,2008,"Collar, A C F"
AMK8DDEC,journalArticle,Area,1972,"Hutchinson, P."
72EXF3CV,bookSection,The Connected Past: challenges to network studies in archaeology and history,2016,"Knappett, Carl"
ZT4MWE59,journalArticle,Journal of Archaeological Method and Theory,2015,"Collar, Anna; Coward, Fiona; Brughmans, Tom; Mills, Barbara J."
ZT4MWE59,journalArticle,Journal of Archaeological Method and Theory,2015,"Collar, Anna; Coward, Fiona; Brughmans, Tom; Mills, Barbara J."
ZT4MWE59,journalArticle,Journal of Archaeological Method and Theory,2015,"Collar, Anna; Coward, Fiona; Brughmans, Tom; Mills, Barbara J."
ZT4MWE59,journalArticle,Journal of Archaeological Method and Theory,2015,"Collar, Anna; Coward, Fiona; Brughmans, Tom; Mills, Barbara J."
24QNVV37,journalArticle,Journal of Anthropological Archaeology,2014,"Martín, Alexander J.; Murillo Herrera, Mauricio"
24QNVV37,journalArticle,Journal of Anthropological Archaeology,2014,"Martín, Alexander J.; Murillo Herrera, Mauricio"
3PNSN6WC,journalArticle,"Literary and Linguistic Computing, The Journal of Digital Scholarship in the Humanities",2013,"Brughmans, Tom"
6KZKGRDR,journalArticle,Annual Review of Anthropology,2014,"Schortman, Edward M."
ACUJDMPB,bookSection,Raumbildung durch Netzwerke? Der Ostseeraum zwischen Wikingerzeit un Spaetmittelalter aus archaeologischer und geschichtswissenschaftlicher Perspektive,2012,"Müller, Ulrich"
83MHE3KT,bookSection,The Connected Past: challenges to network studies in archaeology and history,2016,"Van Oyen, Astrid"
WFNCC2GC,journalArticle,Journal of Mediterranean Archaeology,2006,"Graham, S"
NFFI5M59,bookSection,The Connected Past: challenges to network studies in archaeology and history,2016,"Kandler, Anne; Caccioli, Fabio"
NFFI5M59,bookSection,The Connected Past: challenges to network studies in archaeology and history,2016,"Kandler, Anne; Caccioli, Fabio"
SM9WZXKQ,journalArticle,Annals of the Association of American Geographers,2005,"Smith, Monica L."
REKV4NNM,journalArticle,Historia archaeologica,2009,"Müller, Ulrich"
2T8HPW5E,journalArticle,Nouvelles de l'archéologie,2014,"Rivers, Ray; Evans, Tim S."
2T8HPW5E,journalArticle,Nouvelles de l'archéologie,2014,"Rivers, Ray; Evans, Tim S."
W7NKFWNJ,journalArticle,Journal of Anthropological Archaeology,2009,"Mizoguchi, Koji"
5AJZAZWK,journalArticle,Journal of Archaeological Method and Theory,2012,"Hart, John P.; Engelbrecht, William"
5AJZAZWK,journalArticle,Journal of Archaeological Method and Theory,2012,"Hart, John P.; Engelbrecht, William"
5RKQE94A,bookSection,Network analysis in archaeology. New approaches to regional interaction,2013,"Mol, Angus A. A.; Mans, Jimmy"
5RKQE94A,bookSection,Network analysis in archaeology. New approaches to regional interaction,2013,"Mol, Angus A. A.; Mans, Jimmy"
EZH5NCJG,journalArticle,Nouvelles de l'archéologie,2014,"Graham, Shawn"
4SBM2AR6,journalArticle,Journal of Archaeological Science,2016,"Weidele, Daniel; van Garderen, Mereke; Golitko, Mark; Feinman, Gary M.; Brandes, Ulrik"
4SBM2AR6,journalArticle,Journal of Archaeological Science,2016,"Weidele, Daniel; van Garderen, Mereke; Golitko, Mark; Feinman, Gary M.; Brandes, Ulrik"
4SBM2AR6,journalArticle,Journal of Archaeological Science,2016,"Weidele, Daniel; van Garderen, Mereke; Golitko, Mark; Feinman, Gary M.; Brandes, Ulrik"
4SBM2AR6,journalArticle,Journal of Archaeological Science,2016,"Weidele, Daniel; van Garderen, Mereke; Golitko, Mark; Feinman, Gary M.; Brandes, Ulrik"
4SBM2AR6,journalArticle,Journal of Archaeological Science,2016,"Weidele, Daniel; van Garderen, Mereke; Golitko, Mark; Feinman, Gary M.; Brandes, Ulrik"
MVE95K5R,journalArticle,Estonian Journal of Archaeology,2009,"Sindbæk, S M"
IDKWJUV9,journalArticle,Proceedings of the Royal Society B,2010,"Cochrane, E. E.; Lipo, C."
IDKWJUV9,journalArticle,Proceedings of the Royal Society B,2010,"Cochrane, E. E.; Lipo, C."
I3WH3VT2,journalArticle,Archaeological Review from Cambridge,2014,"Mol, Angus A. A."
EK8D27KD,journalArticle,Archaeological Review from Cambridge,2014,"Dunn, Hayley"
F4CMDUMX,bookSection,Network analysis in archaeology. New approaches to regional interaction,2013,"Scholnick, Jonathan B.; Munson, Jessica L.; Macri, Martha J."
F4CMDUMX,bookSection,Network analysis in archaeology. New approaches to regional interaction,2013,"Scholnick, Jonathan B.; Munson, Jessica L.; Macri, Martha J."
F4CMDUMX,bookSection,Network analysis in archaeology. New approaches to regional interaction,2013,"Scholnick, Jonathan B.; Munson, Jessica L.; Macri, Martha J."
3DWAFZAV,journalArticle,World Archaeology,1978,"Irwin, GJ"
DE2WBD78,bookSection,New worlds from old texts: revisiting ancient space and place,2016,"Brughmans, Tom; Poblome, Jeroen"
DE2WBD78,bookSection,New worlds from old texts: revisiting ancient space and place,2016,"Brughmans, Tom; Poblome, Jeroen"
3E2WZ58Z,journalArticle,Journal of Archaeological Method and Theory,2015,"Golitko, Mark; Feinman, Gary M."
3E2WZ58Z,journalArticle,Journal of Archaeological Method and Theory,2015,"Golitko, Mark; Feinman, Gary M."
B5FPUIX9,journalArticle,Archeologia e Calcolatori,2007,"Fábrega-Álvarez, Pastor; Parcero-Oubiña, César"
B5FPUIX9,journalArticle,Archeologia e Calcolatori,2007,"Fábrega-Álvarez, Pastor; Parcero-Oubiña, César"
CSB3238I,journalArticle,Science,2005,"Bentley, R.A.; Shennan, S.J."
CSB3238I,journalArticle,Science,2005,"Bentley, R.A.; Shennan, S.J."
VX9TQ8PA,journalArticle,Journal of Archaeological Science,2015,"Livarda, Alexandra; Orengo, Hector A."
VX9TQ8PA,journalArticle,Journal of Archaeological Science,2015,"Livarda, Alexandra; Orengo, Hector A."
ZSDJWEJA,book,,2013,"Collar, Anna"
3FQKMVJU,journalArticle,Journal of Archaeological Method and Theory,2015,"Mol, Angus A. A.; Hoogland, Menno L. P.; Hofman, Corinne L."
3FQKMVJU,journalArticle,Journal of Archaeological Method and Theory,2015,"Mol, Angus A. A.; Hoogland, Menno L. P.; Hofman, Corinne L."
3FQKMVJU,journalArticle,Journal of Archaeological Method and Theory,2015,"Mol, Angus A. A.; Hoogland, Menno L. P.; Hofman, Corinne L."
ST25PTPI,journalArticle,European Journal of Archaeology,2015,"Nazaroff, Adam Joseph; Baysal, Adnan; Çiftçi, Yahya; Prufer, Keith"
ST25PTPI,journalArticle,European Journal of Archaeology,2015,"Nazaroff, Adam Joseph; Baysal, Adnan; Çiftçi, Yahya; Prufer, Keith"
ST25PTPI,journalArticle,European Journal of Archaeology,2015,"Nazaroff, Adam Joseph; Baysal, Adnan; Çiftçi, Yahya; Prufer, Keith"
ST25PTPI,journalArticle,European Journal of Archaeology,2015,"Nazaroff, Adam Joseph; Baysal, Adnan; Çiftçi, Yahya; Prufer, Keith"
XXDAIG8R,bookSection,Network analysis in archaeology. New approaches to regional interaction,2013,"Collar, Anna"
UFSIBTMJ,journalArticle,Anatolian Studies,2012,"Bikoulis, Peter"
SDG9ZP5F,journalArticle,Antiquity,2016,"Brughmans, Tom; Poblome, Jeroen"
SDG9ZP5F,journalArticle,Antiquity,2016,"Brughmans, Tom; Poblome, Jeroen"
867IB5N2,book,,2011,"Kaiser, Alan"
BMBFBHAT,conferencePaper,"Mathematics in the archaeological and historical sciences, Proceedings of the Anglo-Romanian conference, Mamaia 1970",1971,"Kendall, D. G."
U779825J,book,,2001,"Mackie, Quentin"
3RHRKJI7,journalArticle,Oxford Journal of Archaeology,2003,"Grau Mira, Ignacio"
AA7Q2UUK,journalArticle,American Antiquity,2015,"Bernardini, Wesley; Peeples, Matthew A."
AA7Q2UUK,journalArticle,American Antiquity,2015,"Bernardini, Wesley; Peeples, Matthew A."
H96BVINM,journalArticle,Proceedings of the British Academy,2010,"Coward, Fiona"
I4688QBG,journalArticle,BABESCH,2012,"Fulminante, Francesca"
WDUHI9NB,bookSection,Network analysis in archaeology. New approaches to regional interaction,2013,"Terrell, John Edward"
MIQEFUHI,bookSection,Mathematics and Archaeology,2015,"Bordoni, Luciana"
KSRG29AQ,journalArticle,American Antiquity,2014,"Pailes, Matthew"
63RAUBFQ,journalArticle,Annals of human genetics,2010,"Terrell, John Edward"
7UBJVBZ4,journalArticle,Nature,2012,"Apicella, Coren L.; Marlowe, Frank W.; Fowler, James H.; Christakis, Nicholas a."
7UBJVBZ4,journalArticle,Nature,2012,"Apicella, Coren L.; Marlowe, Frank W.; Fowler, James H.; Christakis, Nicholas a."
7UBJVBZ4,journalArticle,Nature,2012,"Apicella, Coren L.; Marlowe, Frank W.; Fowler, James H.; Christakis, Nicholas a."
7UBJVBZ4,journalArticle,Nature,2012,"Apicella, Coren L.; Marlowe, Frank W.; Fowler, James H.; Christakis, Nicholas a."
F2JA8Z7K,journalArticle,Journal of Material Culture,2007,"Larson, F.; Petch, A.; Zeitlyn, D."
F2JA8Z7K,journalArticle,Journal of Material Culture,2007,"Larson, F.; Petch, A.; Zeitlyn, D."
F2JA8Z7K,journalArticle,Journal of Material Culture,2007,"Larson, F.; Petch, A.; Zeitlyn, D."
89397V93,journalArticle,Antiquity,2008,"Torrence, Robin; Swadling, Pamela"
89397V93,journalArticle,Antiquity,2008,"Torrence, Robin; Swadling, Pamela"
5JN3XF29,book,,2013,"Mills, Barbara J.; Clark, Jeffery J.; Peeples, Matthew A.; Haas, W. Randall Jr.; Roberts, John M. Jr.; Hill, J Brett; Huntley, Deborah L.; Borck, Lewis; Breiger, Ronald L.; Clauset, Aaron; Shackley, M Steven"
5JN3XF29,book,,2013,"Mills, Barbara J.; Clark, Jeffery J.; Peeples, Matthew A.; Haas, W. Randall Jr.; Roberts, John M. Jr.; Hill, J Brett; Huntley, Deborah L.; Borck, Lewis; Breiger, Ronald L.; Clauset, Aaron; Shackley, M Steven"
5JN3XF29,book,,2013,"Mills, Barbara J.; Clark, Jeffery J.; Peeples, Matthew A.; Haas, W. Randall Jr.; Roberts, John M. Jr.; Hill, J Brett; Huntley, Deborah L.; Borck, Lewis; Breiger, Ronald L.; Clauset, Aaron; Shackley, M Steven"
5JN3XF29,book,,2013,"Mills, Barbara J.; Clark, Jeffery J.; Peeples, Matthew A.; Haas, W. Randall Jr.; Roberts, John M. Jr.; Hill, J Brett; Huntley, Deborah L.; Borck, Lewis; Breiger, Ronald L.; Clauset, Aaron; Shackley, M Steven"
5JN3XF29,book,,2013,"Mills, Barbara J.; Clark, Jeffery J.; Peeples, Matthew A.; Haas, W. Randall Jr.; Roberts, John M. Jr.; Hill, J Brett; Huntley, Deborah L.; Borck, Lewis; Breiger, Ronald L.; Clauset, Aaron; Shackley, M Steven"
5JN3XF29,book,,2013,"Mills, Barbara J.; Clark, Jeffery J.; Peeples, Matthew A.; Haas, W. Randall Jr.; Roberts, John M. Jr.; Hill, J Brett; Huntley, Deborah L.; Borck, Lewis; Breiger, Ronald L.; Clauset, Aaron; Shackley, M Steven"
5JN3XF29,book,,2013,"Mills, Barbara J.; Clark, Jeffery J.; Peeples, Matthew A.; Haas, W. Randall Jr.; Roberts, John M. Jr.; Hill, J Brett; Huntley, Deborah L.; Borck, Lewis; Breiger, Ronald L.; Clauset, Aaron; Shackley, M Steven"
5JN3XF29,book,,2013,"Mills, Barbara J.; Clark, Jeffery J.; Peeples, Matthew A.; Haas, W. Randall Jr.; Roberts, John M. Jr.; Hill, J Brett; Huntley, Deborah L.; Borck, Lewis; Breiger, Ronald L.; Clauset, Aaron; Shackley, M Steven"
5JN3XF29,book,,2013,"Mills, Barbara J.; Clark, Jeffery J.; Peeples, Matthew A.; Haas, W. Randall Jr.; Roberts, John M. Jr.; Hill, J Brett; Huntley, Deborah L.; Borck, Lewis; Breiger, Ronald L.; Clauset, Aaron; Shackley, M Steven"
5JN3XF29,book,,2013,"Mills, Barbara J.; Clark, Jeffery J.; Peeples, Matthew A.; Haas, W. Randall Jr.; Roberts, John M. Jr.; Hill, J Brett; Huntley, Deborah L.; Borck, Lewis; Breiger, Ronald L.; Clauset, Aaron; Shackley, M Steven"
5JN3XF29,book,,2013,"Mills, Barbara J.; Clark, Jeffery J.; Peeples, Matthew A.; Haas, W. Randall Jr.; Roberts, John M. Jr.; Hill, J Brett; Huntley, Deborah L.; Borck, Lewis; Breiger, Ronald L.; Clauset, Aaron; Shackley, M Steven"
8U5CM38H,bookSection,Network analysis in archaeology. New approaches to regional interaction,2013,"Blake, Emma"
J5I73FTI,journalArticle,Journal of Anthropological Archaeology,2009,"Munson, Jessica L.; Macri, Martha J."
J5I73FTI,journalArticle,Journal of Anthropological Archaeology,2009,"Munson, Jessica L.; Macri, Martha J."
9GHQM38N,journalArticle,Journal of Archaeological Science,2012,"Wernke, Steven a."
PQQ8JJSU,journalArticle,Journal of Anthropological Archaeology,2004,"Johansen, Kasper Lambert; Laursen, Steffen Terp; Holst, Mads Kähler"
PQQ8JJSU,journalArticle,Journal of Anthropological Archaeology,2004,"Johansen, Kasper Lambert; Laursen, Steffen Terp; Holst, Mads Kähler"
PQQ8JJSU,journalArticle,Journal of Anthropological Archaeology,2004,"Johansen, Kasper Lambert; Laursen, Steffen Terp; Holst, Mads Kähler"
WE7N4QM9,journalArticle,Advances in Archaeological Practice,2015,"Hill, J. Brett; Peeples, Matthew A.; Huntley, Deborah L.; Carmack, H. Jane"
WE7N4QM9,journalArticle,Advances in Archaeological Practice,2015,"Hill, J. Brett; Peeples, Matthew A.; Huntley, Deborah L.; Carmack, H. Jane"
WE7N4QM9,journalArticle,Advances in Archaeological Practice,2015,"Hill, J. Brett; Peeples, Matthew A.; Huntley, Deborah L.; Carmack, H. Jane"
WE7N4QM9,journalArticle,Advances in Archaeological Practice,2015,"Hill, J. Brett; Peeples, Matthew A.; Huntley, Deborah L.; Carmack, H. Jane"
I4ZDCBIA,journalArticle,Journal of Archaeological Science,2005,"Bentley, R; Lake, M; Shennan, S"
I4ZDCBIA,journalArticle,Journal of Archaeological Science,2005,"Bentley, R; Lake, M; Shennan, S"
I4ZDCBIA,journalArticle,Journal of Archaeological Science,2005,"Bentley, R; Lake, M; Shennan, S"
EFPFKK2Q,journalArticle,World Archaeology,2014,"Hofman, Corinne; Mol, Angus; Hoogland, Menno; Valcárcel Rojas, Roberto"
EFPFKK2Q,journalArticle,World Archaeology,2014,"Hofman, Corinne; Mol, Angus; Hoogland, Menno; Valcárcel Rojas, Roberto"
EFPFKK2Q,journalArticle,World Archaeology,2014,"Hofman, Corinne; Mol, Angus; Hoogland, Menno; Valcárcel Rojas, Roberto"
EFPFKK2Q,journalArticle,World Archaeology,2014,"Hofman, Corinne; Mol, Angus; Hoogland, Menno; Valcárcel Rojas, Roberto"
FJMFTEUP,conferencePaper,"Mathematics in the archaeological and historical sciences, Proceedings of the Anglo-Romanian conference, Mamaia 1970",1971,"Hiorns, R. W."
MNEHIKDR,book,,1983,"Hage, Per; Harary, Frank"
MNEHIKDR,book,,1983,"Hage, Per; Harary, Frank"
A96ZVCHC,conferencePaper,"Enter the Past. Proceedings of the 30th CAA conference held in Vienna, Austria, April 2003",2004,"Classen, E.; Zimmerman, A."
A96ZVCHC,conferencePaper,"Enter the Past. Proceedings of the 30th CAA conference held in Vienna, Austria, April 2003",2004,"Classen, E.; Zimmerman, A."
XFEERHWW,journalArticle,Frontiers in Digital Humanities,2016,"Groenhuijzen, Mark R.; Verhagen, Philip"
XFEERHWW,journalArticle,Frontiers in Digital Humanities,2016,"Groenhuijzen, Mark R.; Verhagen, Philip"
P4M8PVNS,journalArticle,Digital Medievalist,2008,"Isaksen, Leif"
F82X2PZH,conferencePaper,"Layers of perception. Proceedings of the 35th international conference on computer applications and quantitative methods in archaeology (CAA), Berlin April 2-6 2007. Kolloquien zur Vor- und Frühgeschichte, Vol. 10.",2008,"Alexander, C."
B4UQX4KD,journalArticle,Journal of Arizona Archaeology,2016,"Peeples, Matthew; Clark, Jeffery; Doelle, William H.; Laurenzi; Mills, Barbara J."
B4UQX4KD,journalArticle,Journal of Arizona Archaeology,2016,"Peeples, Matthew; Clark, Jeffery; Doelle, William H.; Laurenzi; Mills, Barbara J."
B4UQX4KD,journalArticle,Journal of Arizona Archaeology,2016,"Peeples, Matthew; Clark, Jeffery; Doelle, William H.; Laurenzi; Mills, Barbara J."
B4UQX4KD,journalArticle,Journal of Arizona Archaeology,2016,"Peeples, Matthew; Clark, Jeffery; Doelle, William H.; Laurenzi; Mills, Barbara J."
B4UQX4KD,journalArticle,Journal of Arizona Archaeology,2016,"Peeples, Matthew; Clark, Jeffery; Doelle, William H.; Laurenzi; Mills, Barbara J."
BJP2CHNB,book,,2016,"Brughmans, Tom; Collar, Anna; Coward, Fiona"
BJP2CHNB,book,,2016,"Brughmans, Tom; Collar, Anna; Coward, Fiona"
BJP2CHNB,book,,2016,"Brughmans, Tom; Collar, Anna; Coward, Fiona"
T8Q8IUX5,journalArticle,Area,1980,"Fraser, David"
4GVKUD74,journalArticle,Journal of Archaeological Method and Theory,2015,"Östborn, Per; Gerding, Henrik"
4GVKUD74,journalArticle,Journal of Archaeological Method and Theory,2015,"Östborn, Per; Gerding, Henrik"
3MCBS2U6,bookSection,BAR S2772 Forging Identities. The Mobility of Culture in Bronze Age Europe: Volume 2,2015,"Suchowska-ducke, Paulina"
N8Z98W8E,bookSection,Network analysis in archaeology. New approaches to regional interaction,2013,"Mills, Barbara J.; Roberts, John M.; Clark, Jeffery J.; Jr., William R. Haas; Huntley, Deborah; Peeples, Matthew A.; Borck, Lewis; Ryan, Susan C.; Trowbridge, Meaghan; Breiger, Ronald L."
N8Z98W8E,bookSection,Network analysis in archaeology. New approaches to regional interaction,2013,"Mills, Barbara J.; Roberts, John M.; Clark, Jeffery J.; Jr., William R. Haas; Huntley, Deborah; Peeples, Matthew A.; Borck, Lewis; Ryan, Susan C.; Trowbridge, Meaghan; Breiger, Ronald L."
N8Z98W8E,bookSection,Network analysis in archaeology. New approaches to regional interaction,2013,"Mills, Barbara J.; Roberts, John M.; Clark, Jeffery J.; Jr., William R. Haas; Huntley, Deborah; Peeples, Matthew A.; Borck, Lewis; Ryan, Susan C.; Trowbridge, Meaghan; Breiger, Ronald L."
N8Z98W8E,bookSection,Network analysis in archaeology. New approaches to regional interaction,2013,"Mills, Barbara J.; Roberts, John M.; Clark, Jeffery J.; Jr., William R. Haas; Huntley, Deborah; Peeples, Matthew A.; Borck, Lewis; Ryan, Susan C.; Trowbridge, Meaghan; Breiger, Ronald L."
N8Z98W8E,bookSection,Network analysis in archaeology. New approaches to regional interaction,2013,"Mills, Barbara J.; Roberts, John M.; Clark, Jeffery J.; Jr., William R. Haas; Huntley, Deborah; Peeples, Matthew A.; Borck, Lewis; Ryan, Susan C.; Trowbridge, Meaghan; Breiger, Ronald L."
N8Z98W8E,bookSection,Network analysis in archaeology. New approaches to regional interaction,2013,"Mills, Barbara J.; Roberts, John M.; Clark, Jeffery J.; Jr., William R. Haas; Huntley, Deborah; Peeples, Matthew A.; Borck, Lewis; Ryan, Susan C.; Trowbridge, Meaghan; Breiger, Ronald L."
N8Z98W8E,bookSection,Network analysis in archaeology. New approaches to regional interaction,2013,"Mills, Barbara J.; Roberts, John M.; Clark, Jeffery J.; Jr., William R. Haas; Huntley, Deborah; Peeples, Matthew A.; Borck, Lewis; Ryan, Susan C.; Trowbridge, Meaghan; Breiger, Ronald L."
N8Z98W8E,bookSection,Network analysis in archaeology. New approaches to regional interaction,2013,"Mills, Barbara J.; Roberts, John M.; Clark, Jeffery J.; Jr., William R. Haas; Huntley, Deborah; Peeples, Matthew A.; Borck, Lewis; Ryan, Susan C.; Trowbridge, Meaghan; Breiger, Ronald L."
N8Z98W8E,bookSection,Network analysis in archaeology. New approaches to regional interaction,2013,"Mills, Barbara J.; Roberts, John M.; Clark, Jeffery J.; Jr., William R. Haas; Huntley, Deborah; Peeples, Matthew A.; Borck, Lewis; Ryan, Susan C.; Trowbridge, Meaghan; Breiger, Ronald L."
N8Z98W8E,bookSection,Network analysis in archaeology. New approaches to regional interaction,2013,"Mills, Barbara J.; Roberts, John M.; Clark, Jeffery J.; Jr., William R. Haas; Huntley, Deborah; Peeples, Matthew A.; Borck, Lewis; Ryan, Susan C.; Trowbridge, Meaghan; Breiger, Ronald L."
F2FFHG6A,journalArticle,Journal of Archaeological Science,2012,"Hart, John P."
XNTXNTHU,journalArticle,Journal of Archaeological Method and Theory,2015,"Graham, Shawn; Weingart, Scott"
XNTXNTHU,journalArticle,Journal of Archaeological Method and Theory,2015,"Graham, Shawn; Weingart, Scott"
6JEUI8J8,journalArticle,International Journal of Historical Archaeology,2015,"W. Hauser, Mark"
U43Z8TKN,conferencePaper,"Proceedings of Computer Applications and Quantitative Techniques in Archaeology conference 2012, Southampton",2013,"Verhagen, Philip; Brughmans, Tom; Nuninger, Laure; Bertoncello, Frédérique"
U43Z8TKN,conferencePaper,"Proceedings of Computer Applications and Quantitative Techniques in Archaeology conference 2012, Southampton",2013,"Verhagen, Philip; Brughmans, Tom; Nuninger, Laure; Bertoncello, Frédérique"
U43Z8TKN,conferencePaper,"Proceedings of Computer Applications and Quantitative Techniques in Archaeology conference 2012, Southampton",2013,"Verhagen, Philip; Brughmans, Tom; Nuninger, Laure; Bertoncello, Frédérique"
U43Z8TKN,conferencePaper,"Proceedings of Computer Applications and Quantitative Techniques in Archaeology conference 2012, Southampton",2013,"Verhagen, Philip; Brughmans, Tom; Nuninger, Laure; Bertoncello, Frédérique"
GRFI5WEM,journalArticle,Archaeological Review from Cambridge,2014,"Fulminante, Francesca"
K8ZPJQIU,journalArticle,Bollettino di archeologia on line,2009,"Schich, Maximilian; Hidalgo, César A .; Lehmann, Sune J .; Park, Juyong"
K8ZPJQIU,journalArticle,Bollettino di archeologia on line,2009,"Schich, Maximilian; Hidalgo, César A .; Lehmann, Sune J .; Park, Juyong"
K8ZPJQIU,journalArticle,Bollettino di archeologia on line,2009,"Schich, Maximilian; Hidalgo, César A .; Lehmann, Sune J .; Park, Juyong"
K8ZPJQIU,journalArticle,Bollettino di archeologia on line,2009,"Schich, Maximilian; Hidalgo, César A .; Lehmann, Sune J .; Park, Juyong"
JURI9QQI,book,,1999,"Gamble, Clive"
8DHNMR3H,journalArticle,Archaeological Review from Cambridge,2014,"Brughmans, Tom"
5MWJNMJD,journalArticle,Journal of Archaeological Science,2016,"Orengo, Hector A.; Livarda, Alexandra"
5MWJNMJD,journalArticle,Journal of Archaeological Science,2016,"Orengo, Hector A.; Livarda, Alexandra"
77AWRD9E,journalArticle,Norwegian Archaeological Review,2007,"Sindbæk, S.M."
5ZGP8X4D,thesis,,2012,"Torres, Joshua M."
VHKQ3X42,bookSection,Mercator Placidissimus: The Tiber Valley in Antiquity New research in the upper and middle river valley,2009,"Graham, Shawn"
KX9EVHW3,bookSection,Acient road networks and settlement hierarchies in the New World,1991,"Santley, Robert S."
P2BFCDJF,journalArticle,Antiquity,2011,"Knappett, Carl; Evans, Tim; Rivers, Ray"
P2BFCDJF,journalArticle,Antiquity,2011,"Knappett, Carl; Evans, Tim; Rivers, Ray"
P2BFCDJF,journalArticle,Antiquity,2011,"Knappett, Carl; Evans, Tim; Rivers, Ray"
KCWW2AMC,journalArticle,Journal of Archaeological Method and Theory,2013,"Brughmans, Tom"
W3QPE55C,bookSection,A companion to archaeology,2004,"Bintliff, J."
IESTDZW6,journalArticle,Journal of Archaeological Science,2013,"Peeples, Matthew A.; Roberts, John M."
IESTDZW6,journalArticle,Journal of Archaeological Science,2013,"Peeples, Matthew A.; Roberts, John M."
NP8TQA9Q,journalArticle,Journal of Archaeological Method and Theory,2014,"Ortega, David; Ibañez, Juan José; Khalidi, Lamya; Méndez, Vicenç; Campos, Daniel; Teira, Luís"
NP8TQA9Q,journalArticle,Journal of Archaeological Method and Theory,2014,"Ortega, David; Ibañez, Juan José; Khalidi, Lamya; Méndez, Vicenç; Campos, Daniel; Teira, Luís"
NP8TQA9Q,journalArticle,Journal of Archaeological Method and Theory,2014,"Ortega, David; Ibañez, Juan José; Khalidi, Lamya; Méndez, Vicenç; Campos, Daniel; Teira, Luís"
NP8TQA9Q,journalArticle,Journal of Archaeological Method and Theory,2014,"Ortega, David; Ibañez, Juan José; Khalidi, Lamya; Méndez, Vicenç; Campos, Daniel; Teira, Luís"
NP8TQA9Q,journalArticle,Journal of Archaeological Method and Theory,2014,"Ortega, David; Ibañez, Juan José; Khalidi, Lamya; Méndez, Vicenç; Campos, Daniel; Teira, Luís"
NP8TQA9Q,journalArticle,Journal of Archaeological Method and Theory,2014,"Ortega, David; Ibañez, Juan José; Khalidi, Lamya; Méndez, Vicenç; Campos, Daniel; Teira, Luís"
UICZ3X9M,journalArticle,Advances in Archaeological Practice,2013,"Watts, Joshua"
UWAJ3F3C,journalArticle,Journal of Archaeological Method and Theory,2016,"Mickel, Allison"
A3UZJUP3,journalArticle,Proceedings of the National Academy of Sciences of the United States of America,2013,"Mills, Barbara J; Clark, Jeffery J; Peeples, Matthew A; Haas, W R; Roberts, John M; Hill, J Brett; Huntley, Deborah L; Borck, Lewis; Breiger, Ronald L; Clauset, Aaron; Shackley, M Steven"
A3UZJUP3,journalArticle,Proceedings of the National Academy of Sciences of the United States of America,2013,"Mills, Barbara J; Clark, Jeffery J; Peeples, Matthew A; Haas, W R; Roberts, John M; Hill, J Brett; Huntley, Deborah L; Borck, Lewis; Breiger, Ronald L; Clauset, Aaron; Shackley, M Steven"
A3UZJUP3,journalArticle,Proceedings of the National Academy of Sciences of the United States of America,2013,"Mills, Barbara J; Clark, Jeffery J; Peeples, Matthew A; Haas, W R; Roberts, John M; Hill, J Brett; Huntley, Deborah L; Borck, Lewis; Breiger, Ronald L; Clauset, Aaron; Shackley, M Steven"
A3UZJUP3,journalArticle,Proceedings of the National Academy of Sciences of the United States of America,2013,"Mills, Barbara J; Clark, Jeffery J; Peeples, Matthew A; Haas, W R; Roberts, John M; Hill, J Brett; Huntley, Deborah L; Borck, Lewis; Breiger, Ronald L; Clauset, Aaron; Shackley, M Steven"
A3UZJUP3,journalArticle,Proceedings of the National Academy of Sciences of the United States of America,2013,"Mills, Barbara J; Clark, Jeffery J; Peeples, Matthew A; Haas, W R; Roberts, John M; Hill, J Brett; Huntley, Deborah L; Borck, Lewis; Breiger, Ronald L; Clauset, Aaron; Shackley, M Steven"
A3UZJUP3,journalArticle,Proceedings of the National Academy of Sciences of the United States of America,2013,"Mills, Barbara J; Clark, Jeffery J; Peeples, Matthew A; Haas, W R; Roberts, John M; Hill, J Brett; Huntley, Deborah L; Borck, Lewis; Breiger, Ronald L; Clauset, Aaron; Shackley, M Steven"
A3UZJUP3,journalArticle,Proceedings of the National Academy of Sciences of the United States of America,2013,"Mills, Barbara J; Clark, Jeffery J; Peeples, Matthew A; Haas, W R; Roberts, John M; Hill, J Brett; Huntley, Deborah L; Borck, Lewis; Breiger, Ronald L; Clauset, Aaron; Shackley, M Steven"
A3UZJUP3,journalArticle,Proceedings of the National Academy of Sciences of the United States of America,2013,"Mills, Barbara J; Clark, Jeffery J; Peeples, Matthew A; Haas, W R; Roberts, John M; Hill, J Brett; Huntley, Deborah L; Borck, Lewis; Breiger, Ronald L; Clauset, Aaron; Shackley, M Steven"
A3UZJUP3,journalArticle,Proceedings of the National Academy of Sciences of the United States of America,2013,"Mills, Barbara J; Clark, Jeffery J; Peeples, Matthew A; Haas, W R; Roberts, John M; Hill, J Brett; Huntley, Deborah L; Borck, Lewis; Breiger, Ronald L; Clauset, Aaron; Shackley, M Steven"
A3UZJUP3,journalArticle,Proceedings of the National Academy of Sciences of the United States of America,2013,"Mills, Barbara J; Clark, Jeffery J; Peeples, Matthew A; Haas, W R; Roberts, John M; Hill, J Brett; Huntley, Deborah L; Borck, Lewis; Breiger, Ronald L; Clauset, Aaron; Shackley, M Steven"
A3UZJUP3,journalArticle,Proceedings of the National Academy of Sciences of the United States of America,2013,"Mills, Barbara J; Clark, Jeffery J; Peeples, Matthew A; Haas, W R; Roberts, John M; Hill, J Brett; Huntley, Deborah L; Borck, Lewis; Breiger, Ronald L; Clauset, Aaron; Shackley, M Steven"
54VCW2TV,conferencePaper,"Digital discovery: exploring new frontiers in human heritage. Proceedings of the 34th CAA conference, Fargo, 2006",2007,"Graham, Shawn; Steiner, James"
54VCW2TV,conferencePaper,"Digital discovery: exploring new frontiers in human heritage. Proceedings of the 34th CAA conference, Fargo, 2006",2007,"Graham, Shawn; Steiner, James"
3AE476GE,journalArticle,MP,2016,"Jørgensen, Erlend Kirkeng"
VBFJIDJH,bookSection,The Connected Past: challenges to network studies in archaeology and history,2016,"Tsirogiannis, Constantinos; Tsirogiannis, Christos"
VBFJIDJH,bookSection,The Connected Past: challenges to network studies in archaeology and history,2016,"Tsirogiannis, Constantinos; Tsirogiannis, Christos"
B57THMQX,journalArticle,Journal of Archaeological Method and Theory,2015,"Brughmans, Tom; Keay, Simon; Earl, Graeme"
B57THMQX,journalArticle,Journal of Archaeological Method and Theory,2015,"Brughmans, Tom; Keay, Simon; Earl, Graeme"
B57THMQX,journalArticle,Journal of Archaeological Method and Theory,2015,"Brughmans, Tom; Keay, Simon; Earl, Graeme"
T999J5IM,journalArticle,Nouvelles de l'archéologie,2014,"Bevan, Andrew; Crema, Enrico R."
T999J5IM,journalArticle,Nouvelles de l'archéologie,2014,"Bevan, Andrew; Crema, Enrico R."
JNP8PECT,bookSection,"Chaco Revisited: New Research on the Prehistory of Chaco Canyon, New Mexico",2015,"Mills, Barbara J"
A7A88XMN,conferencePaper,"Digital discovery: exploring new frontiers in human heritage. Proceedings of the 34th CAA conference, Fargo, 2006",2007,"Earl, Graeme; Keay, Simon"
A7A88XMN,conferencePaper,"Digital discovery: exploring new frontiers in human heritage. Proceedings of the 34th CAA conference, Fargo, 2006",2007,"Earl, Graeme; Keay, Simon"
SZZN45RT,journalArticle,European Journal of Archaeology,2015,"Ashby, Steven P.; Coutu, Ashley; Sindbæk, S.M."
SZZN45RT,journalArticle,European Journal of Archaeology,2015,"Ashby, Steven P.; Coutu, Ashley; Sindbæk, S.M."
SZZN45RT,journalArticle,European Journal of Archaeology,2015,"Ashby, Steven P.; Coutu, Ashley; Sindbæk, S.M."
ATVN45IQ,conferencePaper,"Digital discovery: exploring new frontiers in human heritage. Proceedings of the 34th CAA conference, Fargo, 2006",2007,"Branting, Scott"
87B4T4JA,journalArticle,Journal of Anthropological Archaeology,2013,"Ossa, Alanna"
5M3BDQTF,journalArticle,Quaternary International,2016,"Gravel-Miguel, Claudine"
DNIK3496,bookSection,Complexity Perspectives in Innovation,2009,"Evans, T; Knappett, C; Rivers, R"
DNIK3496,bookSection,Complexity Perspectives in Innovation,2009,"Evans, T; Knappett, C; Rivers, R"
DNIK3496,bookSection,Complexity Perspectives in Innovation,2009,"Evans, T; Knappett, C; Rivers, R"
D8MMDHB5,journalArticle,Archäologische Informationen,2004,"Classen, E."
TNGJE4DJ,journalArticle,Journal of Anthropological Archaeology,2012,"Aubry, Thierry; Luís, Luís; Mangado Llach, Javier; Matias, Henrique"
TNGJE4DJ,journalArticle,Journal of Anthropological Archaeology,2012,"Aubry, Thierry; Luís, Luís; Mangado Llach, Javier; Matias, Henrique"
TNGJE4DJ,journalArticle,Journal of Anthropological Archaeology,2012,"Aubry, Thierry; Luís, Luís; Mangado Llach, Javier; Matias, Henrique"
TNGJE4DJ,journalArticle,Journal of Anthropological Archaeology,2012,"Aubry, Thierry; Luís, Luís; Mangado Llach, Javier; Matias, Henrique"
8KZ4RMUF,bookSection,Network analysis in archaeology. New approaches to regional interaction,2013,"Rivers, Ray; Evans, Tim S."
8KZ4RMUF,bookSection,Network analysis in archaeology. New approaches to regional interaction,2013,"Rivers, Ray; Evans, Tim S."
Z362HHUA,bookSection,The Connected Past: challenges to network studies in archaeology and history,2016,"Evans, Tim"
J977IUNC,conferencePaper,"Common Ground: Archaeology, Art, Science, and Humanities - Proceedings of the XVI International Congress of Classical Archaeology, oxford",2006,"Graham, Shawn"
UTVX8A5W,journalArticle,European Journal of Archaeology,2013,"Harding, A"
3UDQJ87H,journalArticle,Cogent Arts & Humanities,2015,"Seland, Eivind Heldaas"
VP9GJPTJ,bookSection,Zwischen Fjorden und Steppe. Festschrift fur Johan Callmer zum 65. Geburtstag,2010,"Müller, Ulrich"
